latitude,longitude,acquisitionTime,idDevice,idSensor,originCode,extendedMessageType,dataEventType,altitude,drop,fixType,positionMortalityStatus,mainVoltage,backupVoltage,temperature,positionIsValid,mortalityStatus,alive,received,activityX,activityY,activityZ,expelled,vitActivityLevel
39.02496837,-105.4541802,2/4/2025 18:00,100012,,NB_IOT,,GPS_POSITION,4734,,THREE_D_FIX_VALIDATED,NOT_AVAILABLE,4.24,,,TRUE,,,,,,,,
39.0633153,-105.4959583,2/4/2025 18:00,100019,,NB_IOT,,GPS_POSITION,4664,,THREE_D_FIX_VALIDATED,NOT_AVAILABLE,4.32,,,TRUE,,,,,,,,
39.0239091,-105.440356,2/4/2025 18:20,100012,,NB_IOT,,GPS_POSITION,4796,,THREE_D_FIX_VALIDATED,NOT_AVAILABLE,4.24,,,TRUE,,,,,,,,
39.04917806,-105.510278,2/4/2025 18:20,100019,,NB_IOT,,GPS_POSITION,4870,,THREE_D_FIX_VALIDATED,NOT_AVAILABLE,4.32,,,TRUE,,,,,,,,
39.01927269,-105.4278126,2/4/2025 18:40,100012,,NB_IOT,,GPS_POSITION,4615,,THREE_D_FIX_VALIDATED,NOT_AVAILABLE,4.24,,,TRUE,,,,,,,,
39.05168829,-105.4873437,2/4/2025 18:40,100019,,NB_IOT,,GPS_POSITION,4516,,THREE_D_FIX_VALIDATED,NOT_AVAILABLE,4.32,,,TRUE,,,,,,,,
39.01761564,-105.441538,2/4/2025 19:00,100012,,NB_IOT,,GPS_POSITION,4819,,THREE_D_FIX_VALIDATED,NOT_AVAILABLE,4.24,,,TRUE,,,,,,,,
39.06142375,-105.5068203,2/4/2025 19:00,100019,,NB_IOT,,GPS_POSITION,4776,,THREE_D_FIX_VALIDATED,NOT_AVAILABLE,4.32,,,TRUE,,,,,,,,
39.0279047,-105.4457286,2/4/2025 19:20,100012,,NB_IOT,,GPS_POSITION,4574,,THREE_D_FIX_VALIDATED,NOT_AVAILABLE,4.24,,,TRUE,,,,,,,,
39.04492127,-105.5160326,2/4/2025 19:20,100019,,NB_IOT,,GPS_POSITION,4987,,THREE_D_FIX_VALIDATED,NOT_AVAILABLE,4.32,,,TRUE,,,,,,,,
39.02003726,-105.4552371,2/4/2025 19:40,100012,,NB_IOT,,GPS_POSITION,4880,,THREE_D_FIX_VALIDATED,NOT_AVAILABLE,4.24,,,TRUE,,,,,,,,
39.04358615,-105.5138111,2/4/2025 19:40,100019,,NB_IOT,,GPS_POSITION,4783,,THREE_D_FIX_VALIDATED,NOT_AVAILABLE,4.32,,,TRUE,,,,,,,,
39.01919778,-105.4413888,2/4/2025 20:00,100012,,NB_IOT,,GPS_POSITION,4576,,THREE_D_FIX_VALIDATED,NOT_AVAILABLE,4.24,,,TRUE,,,,,,,,
39.04365281,-105.512867,2/4/2025 20:00,100019,,NB_IOT,,GPS_POSITION,4866,,THREE_D_FIX_VALIDATED,NOT_AVAILABLE,4.32,,,TRUE,,,,,,,,
39.01705147,-105.4277763,2/4/2025 20:20,100012,,NB_IOT,,GPS_POSITION,4800,,THREE_D_FIX_VALIDATED,NOT_AVAILABLE,4.24,,,TRUE,,,,,,,,
39.04365281,-105.512867,2/4/2025 20:20,100019,,NB_IOT,,GPS_POSITION,4520,,THREE_D_FIX_VALIDATED,NOT_AVAILABLE,4.32,,,TRUE,,,,,,,,
39.02317298,-105.439216,2/4/2025 20:40,100012,,NB_IOT,,GPS_POSITION,4890,,THREE_D_FIX_VALIDATED,NOT_AVAILABLE,4.24,,,TRUE,,,,,,,,
39.0433195,-105.512352,2/4/2025 20:40,100019,,NB_IOT,,GPS_POSITION,4829,,THREE_D_FIX_VALIDATED,NOT_AVAILABLE,4.32,,,TRUE,,,,,,,,
39.02215448,-105.4530449,2/4/2025 21:00,100012,,NB_IOT,,GPS_POSITION,4611,,THREE_D_FIX_VALIDATED,NOT_AVAILABLE,4.24,,,TRUE,,,,,,,,
39.04298619,-105.5111504,2/4/2025 21:00,100019,,NB_IOT,,GPS_POSITION,4748,,THREE_D_FIX_VALIDATED,NOT_AVAILABLE,4.32,,,TRUE,,,,,,,,
39.01945691,-105.4395953,2/4/2025 21:20,100012,,NB_IOT,,GPS_POSITION,4799,,THREE_D_FIX_VALIDATED,NOT_AVAILABLE,4.24,,,TRUE,,,,,,,,
39.04405278,-105.5110645,2/4/2025 21:20,100019,,NB_IOT,,GPS_POSITION,4783,,THREE_D_FIX_VALIDATED,NOT_AVAILABLE,4.32,,,TRUE,,,,,,,,
39.01795334,-105.4258406,2/4/2025 21:40,100012,,NB_IOT,,GPS_POSITION,4792,,THREE_D_FIX_VALIDATED,NOT_AVAILABLE,4.24,,,TRUE,,,,,,,,
39.04683107,-105.4881833,2/4/2025 21:40,100019,,NB_IOT,,GPS_POSITION,4564,,THREE_D_FIX_VALIDATED,NOT_AVAILABLE,4.32,,,TRUE,,,,,,,,
39.01849128,-105.4119678,2/4/2025 22:00,100012,,NB_IOT,,GPS_POSITION,4631,,THREE_D_FIX_VALIDATED,NOT_AVAILABLE,4.24,,,TRUE,,,,,,,,
39.06276655,-105.4989246,2/4/2025 22:00,100019,,NB_IOT,,GPS_POSITION,4660,,THREE_D_FIX_VALIDATED,NOT_AVAILABLE,4.32,,,TRUE,,,,,,,,
39.01424016,-105.3992011,2/4/2025 22:20,100012,,NB_IOT,,GPS_POSITION,4678,,THREE_D_FIX_VALIDATED,NOT_AVAILABLE,4.24,,,TRUE,,,,,,,,
39.04860983,-105.4846369,2/4/2025 22:20,100019,,NB_IOT,,GPS_POSITION,4618,,THREE_D_FIX_VALIDATED,NOT_AVAILABLE,4.32,,,TRUE,,,,,,,,
39.02101313,-105.410015,2/4/2025 22:40,100012,,NB_IOT,,GPS_POSITION,4582,,THREE_D_FIX_VALIDATED,NOT_AVAILABLE,4.24,,,TRUE,,,,,,,,
39.03374154,-105.4976684,2/4/2025 22:40,100019,,NB_IOT,,GPS_POSITION,4882,,THREE_D_FIX_VALIDATED,NOT_AVAILABLE,4.32,,,TRUE,,,,,,,,
39.01406928,-105.4206478,2/4/2025 23:00,100012,,NB_IOT,,GPS_POSITION,4861,,THREE_D_FIX_VALIDATED,NOT_AVAILABLE,4.24,,,TRUE,,,,,,,,
39.03231939,-105.4978466,2/4/2025 23:00,100019,,NB_IOT,,GPS_POSITION,4539,,THREE_D_FIX_VALIDATED,NOT_AVAILABLE,4.32,,,TRUE,,,,,,,,
39.01404463,-105.4067585,2/4/2025 23:20,100012,,NB_IOT,,GPS_POSITION,4801,,THREE_D_FIX_VALIDATED,NOT_AVAILABLE,4.24,,,TRUE,,,,,,,,
39.03231939,-105.4977608,2/4/2025 23:20,100019,,NB_IOT,,GPS_POSITION,4700,,THREE_D_FIX_VALIDATED,NOT_AVAILABLE,4.32,,,TRUE,,,,,,,,
39.01289926,-105.3929478,2/4/2025 23:40,100012,,NB_IOT,,GPS_POSITION,4995,,THREE_D_FIX_VALIDATED,NOT_AVAILABLE,4.24,,,TRUE,,,,,,,,
39.03225272,-105.4972458,2/4/2025 23:40,100019,,NB_IOT,,GPS_POSITION,4619,,THREE_D_FIX_VALIDATED,NOT_AVAILABLE,4.32,,,TRUE,,,,,,,,
39.00512909,-105.4025858,2/5/2025 0:00,100012,,NB_IOT,,GPS_POSITION,4945,,THREE_D_FIX_VALIDATED,NOT_AVAILABLE,4.24,,,TRUE,,,,,,,,
39.03225272,-105.496645,2/5/2025 0:00,100019,,NB_IOT,,GPS_POSITION,4539,,THREE_D_FIX_VALIDATED,NOT_AVAILABLE,4.32,,,TRUE,,,,,,,,
39.0085658,-105.3894209,2/5/2025 0:20,100012,,NB_IOT,,GPS_POSITION,4543,,THREE_D_FIX_VALIDATED,NOT_AVAILABLE,4.24,,,TRUE,,,,,,,,
39.03225272,-105.4964733,2/5/2025 0:20,100019,,NB_IOT,,GPS_POSITION,4813,,THREE_D_FIX_VALIDATED,NOT_AVAILABLE,4.32,,,TRUE,,,,,,,,
39.00671252,-105.3912234,2/5/2025 0:40,100012,,NB_IOT,,GPS_POSITION,4556,,THREE_D_FIX_VALIDATED,NOT_AVAILABLE,4.24,,,TRUE,,,,,,,,
39.03225272,-105.4955292,2/5/2025 0:40,100019,,NB_IOT,,GPS_POSITION,4788,,THREE_D_FIX_VALIDATED,NOT_AVAILABLE,4.32,,,TRUE,,,,,,,,
39.00657912,-105.3911591,2/5/2025 1:00,100012,,NB_IOT,,GPS_POSITION,4988,,THREE_D_FIX_VALIDATED,NOT_AVAILABLE,4.24,,,TRUE,,,,,,,,
39.03225272,-105.4955292,2/5/2025 1:00,100019,,NB_IOT,,GPS_POSITION,4744,,THREE_D_FIX_VALIDATED,NOT_AVAILABLE,4.32,,,TRUE,,,,,,,,
39.00642906,-105.3910303,2/5/2025 1:20,100012,,NB_IOT,,GPS_POSITION,4622,,THREE_D_FIX_VALIDATED,NOT_AVAILABLE,4.24,,,TRUE,,,,,,,,
39.03165266,-105.4955292,2/5/2025 1:20,100019,,NB_IOT,,GPS_POSITION,4871,,THREE_D_FIX_VALIDATED,NOT_AVAILABLE,4.32,,,TRUE,,,,,,,,
39.00642906,-105.3910303,2/5/2025 1:40,100012,,NB_IOT,,GPS_POSITION,4627,,THREE_D_FIX_VALIDATED,NOT_AVAILABLE,4.24,,,TRUE,,,,,,,,
39.03165266,-105.4955292,2/5/2025 1:40,100019,,NB_IOT,,GPS_POSITION,4796,,THREE_D_FIX_VALIDATED,NOT_AVAILABLE,4.32,,,TRUE,,,,,,,,
39.00629566,-105.3909874,2/5/2025 2:00,100012,,NB_IOT,,GPS_POSITION,4836,,THREE_D_FIX_VALIDATED,NOT_AVAILABLE,4.24,,,TRUE,,,,,,,,
39.03165266,-105.4955292,2/5/2025 2:00,100019,,NB_IOT,,GPS_POSITION,4941,,THREE_D_FIX_VALIDATED,NOT_AVAILABLE,4.32,,,TRUE,,,,,,,,
39.00626231,-105.3909659,2/5/2025 2:20,100012,,NB_IOT,,GPS_POSITION,4523,,THREE_D_FIX_VALIDATED,NOT_AVAILABLE,4.24,,,TRUE,,,,,,,,
39.03165266,-105.4955292,2/5/2025 2:20,100019,,NB_IOT,,GPS_POSITION,4723,,THREE_D_FIX_VALIDATED,NOT_AVAILABLE,4.32,,,TRUE,,,,,,,,
39.00626231,-105.3909659,2/5/2025 2:40,100012,,NB_IOT,,GPS_POSITION,4955,,THREE_D_FIX_VALIDATED,NOT_AVAILABLE,4.24,,,TRUE,,,,,,,,
39.02141753,-105.4764907,2/5/2025 2:40,100019,,NB_IOT,,GPS_POSITION,4800,,THREE_D_FIX_VALIDATED,NOT_AVAILABLE,4.32,,,TRUE,,,,,,,,
39.00627899,-105.3907299,2/5/2025 3:00,100012,,NB_IOT,,GPS_POSITION,4737,,THREE_D_FIX_VALIDATED,NOT_AVAILABLE,4.24,,,TRUE,,,,,,,,
39.02051136,-105.4533691,2/5/2025 3:00,100019,,NB_IOT,,GPS_POSITION,4956,,THREE_D_FIX_VALIDATED,NOT_AVAILABLE,4.32,,,TRUE,,,,,,,,
39.00639571,-105.3906226,2/5/2025 3:20,100012,,NB_IOT,,GPS_POSITION,4920,,THREE_D_FIX_VALIDATED,NOT_AVAILABLE,4.24,,,TRUE,,,,,,,,
39.02105345,-105.4302286,2/5/2025 3:20,100019,,NB_IOT,,GPS_POSITION,4695,,THREE_D_FIX_VALIDATED,NOT_AVAILABLE,4.32,,,TRUE,,,,,,,,
39.00662915,-105.3906226,2/5/2025 3:40,100012,,NB_IOT,,GPS_POSITION,4687,,THREE_D_FIX_VALIDATED,NOT_AVAILABLE,4.24,,,TRUE,,,,,,,,
39.01286939,-105.4096142,2/5/2025 3:40,100019,,NB_IOT,,GPS_POSITION,4865,,THREE_D_FIX_VALIDATED,NOT_AVAILABLE,4.32,,,TRUE,,,,,,,,
39.00604555,-105.3905368,2/5/2025 4:00,100012,,NB_IOT,,GPS_POSITION,4862,,THREE_D_FIX_VALIDATED,NOT_AVAILABLE,4.24,,,TRUE,,,,,,,,
39.01351765,-105.4327477,2/5/2025 4:00,100019,,NB_IOT,,GPS_POSITION,4998,,THREE_D_FIX_VALIDATED,NOT_AVAILABLE,4.32,,,TRUE,,,,,,,,
39.00571206,-105.390687,2/5/2025 4:20,100012,,NB_IOT,,GPS_POSITION,4603,,THREE_D_FIX_VALIDATED,NOT_AVAILABLE,4.24,,,TRUE,,,,,,,,
39.02621999,-105.4491383,2/5/2025 4:20,100019,,NB_IOT,,GPS_POSITION,4852,,THREE_D_FIX_VALIDATED,NOT_AVAILABLE,4.32,,,TRUE,,,,,,,,
39.00589548,-105.3910303,2/5/2025 4:40,100012,,NB_IOT,,GPS_POSITION,4585,,THREE_D_FIX_VALIDATED,NOT_AVAILABLE,4.24,,,TRUE,,,,,,,,
39.01570138,-105.4679176,2/5/2025 4:40,100019,,NB_IOT,,GPS_POSITION,4571,,THREE_D_FIX_VALIDATED,NOT_AVAILABLE,4.32,,,TRUE,,,,,,,,
39.00604555,-105.3913307,2/5/2025 5:00,100012,,NB_IOT,,GPS_POSITION,4689,,THREE_D_FIX_VALIDATED,NOT_AVAILABLE,4.24,,,TRUE,,,,,,,,
39.0138456,-105.4448921,2/5/2025 5:00,100019,,NB_IOT,,GPS_POSITION,4508,,THREE_D_FIX_VALIDATED,NOT_AVAILABLE,4.32,,,TRUE,,,,,,,,
39.00634568,-105.391438,2/5/2025 5:20,100012,,NB_IOT,,GPS_POSITION,4601,,THREE_D_FIX_VALIDATED,NOT_AVAILABLE,4.24,,,TRUE,,,,,,,,
39.01680463,-105.4220582,2/5/2025 5:20,100019,,NB_IOT,,GPS_POSITION,4941,,THREE_D_FIX_VALIDATED,NOT_AVAILABLE,4.32,,,TRUE,,,,,,,,
39.00636236,-105.3914809,2/5/2025 5:40,100012,,NB_IOT,,GPS_POSITION,4916,,THREE_D_FIX_VALIDATED,NOT_AVAILABLE,4.24,,,TRUE,,,,,,,,
39.00652691,-105.4030616,2/5/2025 5:40,100019,,NB_IOT,,GPS_POSITION,4962,,THREE_D_FIX_VALIDATED,NOT_AVAILABLE,4.32,,,TRUE,,,,,,,,
39.00627899,-105.3917599,2/5/2025 6:00,100012,,NB_IOT,,GPS_POSITION,4891,,THREE_D_FIX_VALIDATED,NOT_AVAILABLE,4.24,,,TRUE,,,,,,,,
39.01532534,-105.3828721,2/5/2025 6:00,100019,,NB_IOT,,GPS_POSITION,4890,,THREE_D_FIX_VALIDATED,NOT_AVAILABLE,4.32,,,TRUE,,,,,,,,
39.00616227,-105.3916526,2/5/2025 6:20,100012,,NB_IOT,,GPS_POSITION,4971,,THREE_D_FIX_VALIDATED,NOT_AVAILABLE,4.24,,,TRUE,,,,,,,,
39.03256268,-105.3894842,2/5/2025 6:20,100019,,NB_IOT,,GPS_POSITION,4870,,THREE_D_FIX_VALIDATED,NOT_AVAILABLE,4.32,,,TRUE,,,,,,,,
39.00606222,-105.3916311,2/5/2025 6:40,100012,,NB_IOT,,GPS_POSITION,4736,,THREE_D_FIX_VALIDATED,NOT_AVAILABLE,4.24,,,TRUE,,,,,,,,
39.04091227,-105.4099944,2/5/2025 6:40,100019,,NB_IOT,,GPS_POSITION,4843,,THREE_D_FIX_VALIDATED,NOT_AVAILABLE,4.32,,,TRUE,,,,,,,,
39.00602887,-105.3916097,2/5/2025 7:00,100012,,NB_IOT,,GPS_POSITION,4924,,THREE_D_FIX_VALIDATED,NOT_AVAILABLE,4.24,,,TRUE,,,,,,,,
39.02430929,-105.4010893,2/5/2025 7:00,100019,,NB_IOT,,GPS_POSITION,4688,,THREE_D_FIX_VALIDATED,NOT_AVAILABLE,4.32,,,TRUE,,,,,,,,
39.00591215,-105.3914165,2/5/2025 7:20,100012,,NB_IOT,,GPS_POSITION,4662,,THREE_D_FIX_VALIDATED,NOT_AVAILABLE,4.24,,,TRUE,,,,,,,,
39.03271369,-105.4215607,2/5/2025 7:20,100019,,NB_IOT,,GPS_POSITION,4510,,THREE_D_FIX_VALIDATED,NOT_AVAILABLE,4.32,,,TRUE,,,,,,,,
39.00591215,-105.3913736,2/5/2025 7:40,100012,,NB_IOT,,GPS_POSITION,4632,,THREE_D_FIX_VALIDATED,NOT_AVAILABLE,4.24,,,TRUE,,,,,,,,
39.03218789,-105.4447056,2/5/2025 7:40,100019,,NB_IOT,,GPS_POSITION,4699,,THREE_D_FIX_VALIDATED,NOT_AVAILABLE,4.32,,,TRUE,,,,,,,,
39.0058788,-105.3912663,2/5/2025 8:00,100012,,NB_IOT,,GPS_POSITION,4581,,THREE_D_FIX_VALIDATED,NOT_AVAILABLE,4.24,,,TRUE,,,,,,,,
39.04432609,-105.4617944,2/5/2025 8:00,100019,,NB_IOT,,GPS_POSITION,4530,,THREE_D_FIX_VALIDATED,NOT_AVAILABLE,4.32,,,TRUE,,,,,,,,
39.00572874,-105.3910947,2/5/2025 8:20,100012,,NB_IOT,,GPS_POSITION,4582,,THREE_D_FIX_VALIDATED,NOT_AVAILABLE,4.24,,,TRUE,,,,,,,,
39.04157773,-105.4389082,2/5/2025 8:20,100019,,NB_IOT,,GPS_POSITION,4627,,THREE_D_FIX_VALIDATED,NOT_AVAILABLE,4.32,,,TRUE,,,,,,,,
39.00557867,-105.3909445,2/5/2025 8:40,100012,,NB_IOT,,GPS_POSITION,4915,,THREE_D_FIX_VALIDATED,NOT_AVAILABLE,4.24,,,TRUE,,,,,,,,
39.0368878,-105.4165523,2/5/2025 8:40,100019,,NB_IOT,,GPS_POSITION,4659,,THREE_D_FIX_VALIDATED,NOT_AVAILABLE,4.32,,,TRUE,,,,,,,,
39.00551197,-105.3906655,2/5/2025 9:00,100012,,NB_IOT,,GPS_POSITION,4830,,THREE_D_FIX_VALIDATED,NOT_AVAILABLE,4.24,,,TRUE,,,,,,,,
39.03598628,-105.4151058,2/5/2025 9:00,100019,,NB_IOT,,GPS_POSITION,4914,,THREE_D_FIX_VALIDATED,NOT_AVAILABLE,4.32,,,TRUE,,,,,,,,
39.00559534,-105.3905797,2/5/2025 9:20,100012,,NB_IOT,,GPS_POSITION,4504,,THREE_D_FIX_VALIDATED,NOT_AVAILABLE,4.24,,,TRUE,,,,,,,,
39.03585295,-105.4167366,2/5/2025 9:20,100019,,NB_IOT,,GPS_POSITION,4874,,THREE_D_FIX_VALIDATED,NOT_AVAILABLE,4.32,,,TRUE,,,,,,,,
39.00569539,-105.3905368,2/5/2025 9:40,100012,,NB_IOT,,GPS_POSITION,4658,,THREE_D_FIX_VALIDATED,NOT_AVAILABLE,4.24,,,TRUE,,,,,,,,
39.03571961,-105.4173374,2/5/2025 9:40,100019,,NB_IOT,,GPS_POSITION,4567,,THREE_D_FIX_VALIDATED,NOT_AVAILABLE,4.32,,,TRUE,,,,,,,,
39.00591215,-105.3904724,2/5/2025 10:00,100012,,NB_IOT,,GPS_POSITION,4942,,THREE_D_FIX_VALIDATED,NOT_AVAILABLE,4.24,,,TRUE,,,,,,,,
39.03531959,-105.4175949,2/5/2025 10:00,100019,,NB_IOT,,GPS_POSITION,4592,,THREE_D_FIX_VALIDATED,NOT_AVAILABLE,4.32,,,TRUE,,,,,,,,
39.00626231,-105.390451,2/5/2025 10:20,100012,,NB_IOT,,GPS_POSITION,4542,,THREE_D_FIX_VALIDATED,NOT_AVAILABLE,4.24,,,TRUE,,,,,,,,
39.03498624,-105.4178524,2/5/2025 10:20,100019,,NB_IOT,,GPS_POSITION,4838,,THREE_D_FIX_VALIDATED,NOT_AVAILABLE,4.32,,,TRUE,,,,,,,,
39.00656245,-105.390687,2/5/2025 10:40,100012,,NB_IOT,,GPS_POSITION,4701,,THREE_D_FIX_VALIDATED,NOT_AVAILABLE,4.24,,,TRUE,,,,,,,,
39.0260078,-105.4379148,2/5/2025 10:40,100019,,NB_IOT,,GPS_POSITION,4605,,THREE_D_FIX_VALIDATED,NOT_AVAILABLE,4.32,,,TRUE,,,,,,,,
39.0065958,-105.3907084,2/5/2025 11:00,100012,,NB_IOT,,GPS_POSITION,4845,,THREE_D_FIX_VALIDATED,NOT_AVAILABLE,4.24,,,TRUE,,,,,,,,
39.01768392,-105.4584371,2/5/2025 11:00,100019,,NB_IOT,,GPS_POSITION,4711,,THREE_D_FIX_VALIDATED,NOT_AVAILABLE,4.32,,,TRUE,,,,,,,,
39.00672919,-105.3906441,2/5/2025 11:20,100012,,NB_IOT,,GPS_POSITION,4926,,THREE_D_FIX_VALIDATED,NOT_AVAILABLE,4.24,,,TRUE,,,,,,,,
39.03385414,-105.4685762,2/5/2025 11:20,100019,,NB_IOT,,GPS_POSITION,4510,,THREE_D_FIX_VALIDATED,NOT_AVAILABLE,4.32,,,TRUE,,,,,,,,
39.00676254,-105.3906012,2/5/2025 11:40,100012,,NB_IOT,,GPS_POSITION,4998,,THREE_D_FIX_VALIDATED,NOT_AVAILABLE,4.24,,,TRUE,,,,,,,,
39.05085342,-105.4761427,2/5/2025 11:40,100019,,NB_IOT,,GPS_POSITION,4824,,THREE_D_FIX_VALIDATED,NOT_AVAILABLE,4.32,,,TRUE,,,,,,,,
39.00682924,-105.3904724,2/5/2025 12:00,100012,,NB_IOT,,GPS_POSITION,4530,,THREE_D_FIX_VALIDATED,NOT_AVAILABLE,4.24,,,TRUE,,,,,,,,
39.0328828,-105.4751721,2/5/2025 12:00,100019,,NB_IOT,,GPS_POSITION,4785,,THREE_D_FIX_VALIDATED,NOT_AVAILABLE,4.32,,,TRUE,,,,,,,,
39.00629566,-105.390172,2/5/2025 12:20,100012,,NB_IOT,,GPS_POSITION,4540,,THREE_D_FIX_VALIDATED,NOT_AVAILABLE,4.24,,,TRUE,,,,,,,,
39.03274998,-105.4520178,2/5/2025 12:20,100019,,NB_IOT,,GPS_POSITION,4516,,THREE_D_FIX_VALIDATED,NOT_AVAILABLE,4.32,,,TRUE,,,,,,,,
39.00624564,-105.3901505,2/5/2025 12:40,100012,,NB_IOT,,GPS_POSITION,4509,,THREE_D_FIX_VALIDATED,NOT_AVAILABLE,4.24,,,TRUE,,,,,,,,
39.01522243,-105.4468215,2/5/2025 12:40,100019,,NB_IOT,,GPS_POSITION,4675,,THREE_D_FIX_VALIDATED,NOT_AVAILABLE,4.32,,,TRUE,,,,,,,,
39.00616227,-105.3900218,2/5/2025 13:00,100012,,NB_IOT,,GPS_POSITION,4604,,THREE_D_FIX_VALIDATED,NOT_AVAILABLE,4.24,,,TRUE,,,,,,,,
39.00987339,-105.4689218,2/5/2025 13:00,100019,,NB_IOT,,GPS_POSITION,4584,,THREE_D_FIX_VALIDATED,NOT_AVAILABLE,4.32,,,TRUE,,,,,,,,
39.00616227,-105.3899789,2/5/2025 13:20,100012,,NB_IOT,,GPS_POSITION,4846,,THREE_D_FIX_VALIDATED,NOT_AVAILABLE,4.24,,,TRUE,,,,,,,,
39.01004424,-105.4920682,2/5/2025 13:20,100019,,NB_IOT,,GPS_POSITION,4963,,THREE_D_FIX_VALIDATED,NOT_AVAILABLE,4.32,,,TRUE,,,,,,,,
39.00621229,-105.389936,2/5/2025 13:40,100012,,NB_IOT,,GPS_POSITION,4781,,THREE_D_FIX_VALIDATED,NOT_AVAILABLE,4.24,,,TRUE,,,,,,,,
39.02346944,-105.5074743,2/5/2025 13:40,100019,,NB_IOT,,GPS_POSITION,4547,,THREE_D_FIX_VALIDATED,NOT_AVAILABLE,4.32,,,TRUE,,,,,,,,
39.00624564,-105.3899145,2/5/2025 14:00,100012,,NB_IOT,,GPS_POSITION,4611,,THREE_D_FIX_VALIDATED,NOT_AVAILABLE,4.24,,,TRUE,,,,,,,,
39.02740208,-105.5300669,2/5/2025 14:00,100019,,NB_IOT,,GPS_POSITION,4989,,THREE_D_FIX_VALIDATED,NOT_AVAILABLE,4.32,,,TRUE,,,,,,,,
39.00632901,-105.3887987,2/5/2025 14:20,100012,,NB_IOT,,GPS_POSITION,4888,,THREE_D_FIX_VALIDATED,NOT_AVAILABLE,4.24,,,TRUE,,,,,,,,
39.03552805,-105.509407,2/5/2025 14:20,100019,,NB_IOT,,GPS_POSITION,4897,,THREE_D_FIX_VALIDATED,NOT_AVAILABLE,4.32,,,TRUE,,,,,,,,
39.00454484,-105.3892279,2/5/2025 14:40,100012,,NB_IOT,,GPS_POSITION,4941,,THREE_D_FIX_VALIDATED,NOT_AVAILABLE,4.24,,,TRUE,,,,,,,,
39.04365401,-105.4887471,2/5/2025 14:40,100019,,NB_IOT,,GPS_POSITION,4720,,THREE_D_FIX_VALIDATED,NOT_AVAILABLE,4.32,,,TRUE,,,,,,,,
39.00612892,-105.3873396,2/5/2025 15:00,100012,,NB_IOT,,GPS_POSITION,4541,,THREE_D_FIX_VALIDATED,NOT_AVAILABLE,4.24,,,TRUE,,,,,,,,
39.05177997,-105.4680872,2/5/2025 15:00,100019,,NB_IOT,,GPS_POSITION,4698,,THREE_D_FIX_VALIDATED,NOT_AVAILABLE,4.32,,,TRUE,,,,,,,,
39.00637903,-105.3866529,2/5/2025 15:20,100012,,NB_IOT,,GPS_POSITION,4673,,THREE_D_FIX_VALIDATED,NOT_AVAILABLE,4.24,,,TRUE,,,,,,,,
39.03702854,-105.4813367,2/5/2025 15:20,100019,,NB_IOT,,GPS_POSITION,4582,,THREE_D_FIX_VALIDATED,NOT_AVAILABLE,4.32,,,TRUE,,,,,,,,
39.00714604,-105.3869319,2/5/2025 15:40,100012,,NB_IOT,,GPS_POSITION,4533,,THREE_D_FIX_VALIDATED,NOT_AVAILABLE,4.24,,,TRUE,,,,,,,,
39.0413187,-105.5038257,2/5/2025 15:40,100019,,NB_IOT,,GPS_POSITION,4605,,THREE_D_FIX_VALIDATED,NOT_AVAILABLE,4.32,,,TRUE,,,,,,,,
39.00766294,-105.3866529,2/5/2025 16:00,100012,,NB_IOT,,GPS_POSITION,4640,,THREE_D_FIX_VALIDATED,NOT_AVAILABLE,4.24,,,TRUE,,,,,,,,
39.04125294,-105.505228,2/5/2025 16:00,100019,,NB_IOT,,GPS_POSITION,4982,,THREE_D_FIX_VALIDATED,NOT_AVAILABLE,4.32,,,TRUE,,,,,,,,
39.00792972,-105.3867602,2/5/2025 16:20,100012,,NB_IOT,,GPS_POSITION,4817,,THREE_D_FIX_VALIDATED,NOT_AVAILABLE,4.24,,,TRUE,,,,,,,,
39.04125294,-105.505228,2/5/2025 16:20,100019,,NB_IOT,,GPS_POSITION,4937,,THREE_D_FIX_VALIDATED,NOT_AVAILABLE,4.32,,,TRUE,,,,,,,,
39.00904686,-105.3874254,2/5/2025 16:40,100012,,NB_IOT,,GPS_POSITION,4859,,THREE_D_FIX_VALIDATED,NOT_AVAILABLE,4.24,,,TRUE,,,,,,,,
39.04118628,-105.5053997,2/5/2025 16:40,100019,,NB_IOT,,GPS_POSITION,4816,,THREE_D_FIX_VALIDATED,NOT_AVAILABLE,4.32,,,TRUE,,,,,,,,
39.00721274,-105.4025316,2/5/2025 17:00,100012,,NB_IOT,,GPS_POSITION,4916,,THREE_D_FIX_VALIDATED,NOT_AVAILABLE,4.24,,,TRUE,,,,,,,,
39.04118628,-105.5054855,2/5/2025 17:00,100019,,NB_IOT,,GPS_POSITION,4577,,THREE_D_FIX_VALIDATED,NOT_AVAILABLE,4.32,,,TRUE,,,,,,,,
39.01248718,-105.4146483,2/5/2025 17:20,100012,,NB_IOT,,GPS_POSITION,4683,,THREE_D_FIX_VALIDATED,NOT_AVAILABLE,4.24,,,TRUE,,,,,,,,
39.04111961,-105.5058289,2/5/2025 17:20,100019,,NB_IOT,,GPS_POSITION,4989,,THREE_D_FIX_VALIDATED,NOT_AVAILABLE,4.32,,,TRUE,,,,,,,,
39.01396236,-105.4008895,2/5/2025 17:40,100012,,NB_IOT,,GPS_POSITION,4853,,THREE_D_FIX_VALIDATED,NOT_AVAILABLE,4.24,,,TRUE,,,,,,,,
39.04111961,-105.5060005,2/5/2025 17:40,100019,,NB_IOT,,GPS_POSITION,4703,,THREE_D_FIX_VALIDATED,NOT_AVAILABLE,4.32,,,TRUE,,,,,,,,
39.01727442,-105.3876701,2/5/2025 18:00,100012,,NB_IOT,,GPS_POSITION,4921,,THREE_D_FIX_VALIDATED,NOT_AVAILABLE,4.24,,,TRUE,,,,,,,,
39.04085296,-105.506773,2/5/2025 18:00,100019,,NB_IOT,,GPS_POSITION,4983,,THREE_D_FIX_VALIDATED,NOT_AVAILABLE,4.32,,,TRUE,,,,,,,,
39.02767953,-105.3839847,2/5/2025 18:20,100012,,NB_IOT,,GPS_POSITION,4526,,THREE_D_FIX_VALIDATED,NOT_AVAILABLE,4.24,,,TRUE,,,,,,,,
39.04085296,-105.5068588,2/5/2025 18:20,100019,,NB_IOT,,GPS_POSITION,4782,,THREE_D_FIX_VALIDATED,NOT_AVAILABLE,4.32,,,TRUE,,,,,,,,
39.02728115,-105.3978671,2/5/2025 18:40,100012,,NB_IOT,,GPS_POSITION,4655,,THREE_D_FIX_VALIDATED,NOT_AVAILABLE,4.24,,,TRUE,,,,,,,,
39.00157669,-105.5200768,2/5/2025 18:40,100019,,NB_IOT,,GPS_POSITION,4808,,THREE_D_FIX_VALIDATED,NOT_AVAILABLE,4.32,,,TRUE,,,,,,,,
39.02209481,-105.3856852,2/5/2025 19:00,100012,,NB_IOT,,GPS_POSITION,4886,,THREE_D_FIX_VALIDATED,NOT_AVAILABLE,4.24,,,TRUE,,,,,,,,
39.0025105,-105.4723549,2/5/2025 19:00,100019,,NB_IOT,,GPS_POSITION,4996,,THREE_D_FIX_VALIDATED,NOT_AVAILABLE,4.32,,,TRUE,,,,,,,,
39.02261788,-105.3846359,2/5/2025 19:20,100012,,NB_IOT,,GPS_POSITION,4969,,THREE_D_FIX_VALIDATED,NOT_AVAILABLE,4.24,,,TRUE,,,,,,,,
39.00351101,-105.4913235,2/5/2025 19:20,100019,,NB_IOT,,GPS_POSITION,4983,,THREE_D_FIX_VALIDATED,NOT_AVAILABLE,4.32,,,TRUE,,,,,,,,
39.02283459,-105.3845501,2/5/2025 19:40,100012,,NB_IOT,,GPS_POSITION,4534,,THREE_D_FIX_VALIDATED,NOT_AVAILABLE,4.24,,,TRUE,,,,,,,,
39.0038445,-105.4857445,2/5/2025 19:40,100019,,NB_IOT,,GPS_POSITION,4706,,THREE_D_FIX_VALIDATED,NOT_AVAILABLE,4.32,,,TRUE,,,,,,,,
39.02276791,-105.3854513,2/5/2025 20:00,100012,,NB_IOT,,GPS_POSITION,4534,,THREE_D_FIX_VALIDATED,NOT_AVAILABLE,4.24,,,TRUE,,,,,,,,
39.00531187,-105.489521,2/5/2025 20:00,100019,,NB_IOT,,GPS_POSITION,4906,,THREE_D_FIX_VALIDATED,NOT_AVAILABLE,4.32,,,TRUE,,,,,,,,
39.02295129,-105.385108,2/5/2025 20:20,100012,,NB_IOT,,GPS_POSITION,4643,,THREE_D_FIX_VALIDATED,NOT_AVAILABLE,4.24,,,TRUE,,,,,,,,
39.00577876,-105.4871178,2/5/2025 20:20,100019,,NB_IOT,,GPS_POSITION,4777,,THREE_D_FIX_VALIDATED,NOT_AVAILABLE,4.32,,,TRUE,,,,,,,,
39.02305131,-105.3848076,2/5/2025 20:40,100012,,NB_IOT,,GPS_POSITION,4775,,THREE_D_FIX_VALIDATED,NOT_AVAILABLE,4.24,,,TRUE,,,,,,,,
39.00577876,-105.4871178,2/5/2025 20:40,100019,,NB_IOT,,GPS_POSITION,4949,,THREE_D_FIX_VALIDATED,NOT_AVAILABLE,4.32,,,TRUE,,,,,,,,
39.0235014,-105.3853011,2/5/2025 21:00,100012,,NB_IOT,,GPS_POSITION,4907,,THREE_D_FIX_VALIDATED,NOT_AVAILABLE,4.24,,,TRUE,,,,,,,,
39.00577876,-105.4871178,2/5/2025 21:00,100019,,NB_IOT,,GPS_POSITION,4661,,THREE_D_FIX_VALIDATED,NOT_AVAILABLE,4.32,,,TRUE,,,,,,,,
39.02343472,-105.3852797,2/5/2025 21:20,100012,,NB_IOT,,GPS_POSITION,4632,,THREE_D_FIX_VALIDATED,NOT_AVAILABLE,4.24,,,TRUE,,,,,,,,
39.00577876,-105.4848003,2/5/2025 21:20,100019,,NB_IOT,,GPS_POSITION,4676,,THREE_D_FIX_VALIDATED,NOT_AVAILABLE,4.32,,,TRUE,,,,,,,,
39.02311799,-105.3858161,2/5/2025 21:40,100012,,NB_IOT,,GPS_POSITION,4763,,THREE_D_FIX_VALIDATED,NOT_AVAILABLE,4.24,,,TRUE,,,,,,,,
39.00571206,-105.4841995,2/5/2025 21:40,100019,,NB_IOT,,GPS_POSITION,4688,,THREE_D_FIX_VALIDATED,NOT_AVAILABLE,4.32,,,TRUE,,,,,,,,
39.02275124,-105.3860307,2/5/2025 22:00,100012,,NB_IOT,,GPS_POSITION,4685,,THREE_D_FIX_VALIDATED,NOT_AVAILABLE,4.24,,,TRUE,,,,,,,,
39.0071127,-105.4949284,2/5/2025 22:00,100019,,NB_IOT,,GPS_POSITION,4792,,THREE_D_FIX_VALIDATED,NOT_AVAILABLE,4.32,,,TRUE,,,,,,,,
39.02268456,-105.386095,2/5/2025 22:20,100012,,NB_IOT,,GPS_POSITION,4712,,THREE_D_FIX_VALIDATED,NOT_AVAILABLE,4.24,,,TRUE,,,,,,,,
39.00771296,-105.4997349,2/5/2025 22:20,100019,,NB_IOT,,GPS_POSITION,4943,,THREE_D_FIX_VALIDATED,NOT_AVAILABLE,4.32,,,TRUE,,,,,,,,
39.02230114,-105.386095,2/5/2025 22:40,100012,,NB_IOT,,GPS_POSITION,4925,,THREE_D_FIX_VALIDATED,NOT_AVAILABLE,4.24,,,TRUE,,,,,,,,
39.00784635,-105.4997349,2/5/2025 22:40,100019,,NB_IOT,,GPS_POSITION,4651,,THREE_D_FIX_VALIDATED,NOT_AVAILABLE,4.32,,,TRUE,,,,,,,,
39.02201774,-105.3864813,2/5/2025 23:00,100012,,NB_IOT,,GPS_POSITION,4557,,THREE_D_FIX_VALIDATED,NOT_AVAILABLE,4.24,,,TRUE,,,,,,,,
39.01091428,-105.5030823,2/5/2025 23:00,100019,,NB_IOT,,GPS_POSITION,4983,,THREE_D_FIX_VALIDATED,NOT_AVAILABLE,4.32,,,TRUE,,,,,,,,
39.02176768,-105.3860307,2/5/2025 23:20,100012,,NB_IOT,,GPS_POSITION,4631,,THREE_D_FIX_VALIDATED,NOT_AVAILABLE,4.24,,,TRUE,,,,,,,,
39.01471566,-105.5079746,2/5/2025 23:20,100019,,NB_IOT,,GPS_POSITION,4796,,THREE_D_FIX_VALIDATED,NOT_AVAILABLE,4.32,,,TRUE,,,,,,,,
39.021701,-105.3857946,2/5/2025 23:40,100012,,NB_IOT,,GPS_POSITION,4860,,THREE_D_FIX_VALIDATED,NOT_AVAILABLE,4.24,,,TRUE,,,,,,,,
39.01251489,-105.5164719,2/5/2025 23:40,100019,,NB_IOT,,GPS_POSITION,4992,,THREE_D_FIX_VALIDATED,NOT_AVAILABLE,4.32,,,TRUE,,,,,,,,
39.02203441,-105.3851938,2/6/2025 0:00,100012,,NB_IOT,,GPS_POSITION,4662,,THREE_D_FIX_VALIDATED,NOT_AVAILABLE,4.24,,,TRUE,,,,,,,,
39.01258158,-105.5164719,2/6/2025 0:00,100019,,NB_IOT,,GPS_POSITION,4874,,THREE_D_FIX_VALIDATED,NOT_AVAILABLE,4.32,,,TRUE,,,,,,,,
39.021701,-105.3849578,2/6/2025 0:20,100012,,NB_IOT,,GPS_POSITION,4862,,THREE_D_FIX_VALIDATED,NOT_AVAILABLE,4.24,,,TRUE,,,,,,,,
39.01718312,-105.5246258,2/6/2025 0:20,100019,,NB_IOT,,GPS_POSITION,4844,,THREE_D_FIX_VALIDATED,NOT_AVAILABLE,4.32,,,TRUE,,,,,,,,
39.0213009,-105.3851938,2/6/2025 0:40,100012,,NB_IOT,,GPS_POSITION,4980,,THREE_D_FIX_VALIDATED,NOT_AVAILABLE,4.24,,,TRUE,,,,,,,,
39.02085079,-105.5242825,2/6/2025 0:40,100019,,NB_IOT,,GPS_POSITION,4958,,THREE_D_FIX_VALIDATED,NOT_AVAILABLE,4.32,,,TRUE,,,,,,,,
39.02125089,-105.3853226,2/6/2025 1:00,100012,,NB_IOT,,GPS_POSITION,4842,,THREE_D_FIX_VALIDATED,NOT_AVAILABLE,4.24,,,TRUE,,,,,,,,
39.02091748,-105.5242825,2/6/2025 1:00,100019,,NB_IOT,,GPS_POSITION,4898,,THREE_D_FIX_VALIDATED,NOT_AVAILABLE,4.32,,,TRUE,,,,,,,,
39.02125089,-105.385344,2/6/2025 1:20,100012,,NB_IOT,,GPS_POSITION,4568,,THREE_D_FIX_VALIDATED,NOT_AVAILABLE,4.24,,,TRUE,,,,,,,,
39.02138426,-105.5241966,2/6/2025 1:20,100019,,NB_IOT,,GPS_POSITION,4524,,THREE_D_FIX_VALIDATED,NOT_AVAILABLE,4.32,,,TRUE,,,,,,,,
39.02136759,-105.385623,2/6/2025 1:40,100012,,NB_IOT,,GPS_POSITION,4751,,THREE_D_FIX_VALIDATED,NOT_AVAILABLE,4.24,,,TRUE,,,,,,,,
39.02325135,-105.5235958,2/6/2025 1:40,100019,,NB_IOT,,GPS_POSITION,4544,,THREE_D_FIX_VALIDATED,NOT_AVAILABLE,4.32,,,TRUE,,,,,,,,
39.02136759,-105.385623,2/6/2025 2:00,100012,,NB_IOT,,GPS_POSITION,4858,,THREE_D_FIX_VALIDATED,NOT_AVAILABLE,4.24,,,TRUE,,,,,,,,
39.02525175,-105.52351,2/6/2025 2:00,100019,,NB_IOT,,GPS_POSITION,4782,,THREE_D_FIX_VALIDATED,NOT_AVAILABLE,4.32,,,TRUE,,,,,,,,
39.02140093,-105.3858376,2/6/2025 2:20,100012,,NB_IOT,,GPS_POSITION,4609,,THREE_D_FIX_VALIDATED,NOT_AVAILABLE,4.24,,,TRUE,,,,,,,,
39.04158626,-105.534153,2/6/2025 2:20,100019,,NB_IOT,,GPS_POSITION,4553,,THREE_D_FIX_VALIDATED,NOT_AVAILABLE,4.32,,,TRUE,,,,,,,,
39.02181769,-105.3866529,2/6/2025 2:40,100012,,NB_IOT,,GPS_POSITION,4530,,THREE_D_FIX_VALIDATED,NOT_AVAILABLE,4.24,,,TRUE,,,,,,,,
39.0433195,-105.5354404,2/6/2025 2:40,100019,,NB_IOT,,GPS_POSITION,4928,,THREE_D_FIX_VALIDATED,NOT_AVAILABLE,4.32,,,TRUE,,,,,,,,
39.02120088,-105.3866315,2/6/2025 3:00,100012,,NB_IOT,,GPS_POSITION,4642,,THREE_D_FIX_VALIDATED,NOT_AVAILABLE,4.24,,,TRUE,,,,,,,,
39.0433195,-105.5357838,2/6/2025 3:00,100019,,NB_IOT,,GPS_POSITION,4560,,THREE_D_FIX_VALIDATED,NOT_AVAILABLE,4.32,,,TRUE,,,,,,,,
39.02116754,-105.3865886,2/6/2025 3:20,100012,,NB_IOT,,GPS_POSITION,4852,,THREE_D_FIX_VALIDATED,NOT_AVAILABLE,4.24,,,TRUE,,,,,,,,
39.0433195,-105.5358696,2/6/2025 3:20,100019,,NB_IOT,,GPS_POSITION,4675,,THREE_D_FIX_VALIDATED,NOT_AVAILABLE,4.32,,,TRUE,,,,,,,,
39.0211342,-105.3861165,2/6/2025 3:40,100012,,NB_IOT,,GPS_POSITION,4614,,THREE_D_FIX_VALIDATED,NOT_AVAILABLE,4.24,,,TRUE,,,,,,,,
39.04411944,-105.5373287,2/6/2025 3:40,100019,,NB_IOT,,GPS_POSITION,4955,,THREE_D_FIX_VALIDATED,NOT_AVAILABLE,4.32,,,TRUE,,,,,,,,
39.0211342,-105.3860092,2/6/2025 4:00,100012,,NB_IOT,,GPS_POSITION,4807,,THREE_D_FIX_VALIDATED,NOT_AVAILABLE,4.24,,,TRUE,,,,,,,,
39.04411944,-105.5373287,2/6/2025 4:00,100019,,NB_IOT,,GPS_POSITION,4740,,THREE_D_FIX_VALIDATED,NOT_AVAILABLE,4.32,,,TRUE,,,,,,,,
39.02105084,-105.385108,2/6/2025 4:20,100012,,NB_IOT,,GPS_POSITION,4652,,THREE_D_FIX_VALIDATED,NOT_AVAILABLE,4.24,,,TRUE,,,,,,,,
39.04411944,-105.5373287,2/6/2025 4:20,100019,,NB_IOT,,GPS_POSITION,4962,,THREE_D_FIX_VALIDATED,NOT_AVAILABLE,4.32,,,TRUE,,,,,,,,
39.02158431,-105.3846359,2/6/2025 4:40,100012,,NB_IOT,,GPS_POSITION,4999,,THREE_D_FIX_VALIDATED,NOT_AVAILABLE,4.24,,,TRUE,,,,,,,,
39.04485271,-105.538187,2/6/2025 4:40,100019,,NB_IOT,,GPS_POSITION,4770,,THREE_D_FIX_VALIDATED,NOT_AVAILABLE,4.32,,,TRUE,,,,,,,,
39.02238449,-105.3845716,2/6/2025 5:00,100012,,NB_IOT,,GPS_POSITION,4819,,THREE_D_FIX_VALIDATED,NOT_AVAILABLE,4.24,,,TRUE,,,,,,,,
39.04485271,-105.5382729,2/6/2025 5:00,100019,,NB_IOT,,GPS_POSITION,4588,,THREE_D_FIX_VALIDATED,NOT_AVAILABLE,4.32,,,TRUE,,,,,,,,
39.02216778,-105.3847003,2/6/2025 5:20,100012,,NB_IOT,,GPS_POSITION,4539,,THREE_D_FIX_VALIDATED,NOT_AVAILABLE,4.24,,,TRUE,,,,,,,,
39.04491937,-105.5383587,2/6/2025 5:20,100019,,NB_IOT,,GPS_POSITION,4691,,THREE_D_FIX_VALIDATED,NOT_AVAILABLE,4.32,,,TRUE,,,,,,,,
39.02220112,-105.3849792,2/6/2025 5:40,100012,,NB_IOT,,GPS_POSITION,4953,,THREE_D_FIX_VALIDATED,NOT_AVAILABLE,4.24,,,TRUE,,,,,,,,
39.04531933,-105.539217,2/6/2025 5:40,100019,,NB_IOT,,GPS_POSITION,4884,,THREE_D_FIX_VALIDATED,NOT_AVAILABLE,4.32,,,TRUE,,,,,,,,
39.02256787,-105.3849578,2/6/2025 6:00,100012,,NB_IOT,,GPS_POSITION,4817,,THREE_D_FIX_VALIDATED,NOT_AVAILABLE,4.24,,,TRUE,,,,,,,,
39.04545265,-105.5405903,2/6/2025 6:00,100019,,NB_IOT,,GPS_POSITION,4507,,THREE_D_FIX_VALIDATED,NOT_AVAILABLE,4.32,,,TRUE,,,,,,,,
39.02266789,-105.3850007,2/6/2025 6:20,100012,,NB_IOT,,GPS_POSITION,4535,,THREE_D_FIX_VALIDATED,NOT_AVAILABLE,4.24,,,TRUE,,,,,,,,
39.04545265,-105.5408478,2/6/2025 6:20,100019,,NB_IOT,,GPS_POSITION,4825,,THREE_D_FIX_VALIDATED,NOT_AVAILABLE,4.32,,,TRUE,,,,,,,,
39.02265122,-105.3851724,2/6/2025 6:40,100012,,NB_IOT,,GPS_POSITION,4962,,THREE_D_FIX_VALIDATED,NOT_AVAILABLE,4.24,,,TRUE,,,,,,,,
39.04538599,-105.5423069,2/6/2025 6:40,100019,,NB_IOT,,GPS_POSITION,4656,,THREE_D_FIX_VALIDATED,NOT_AVAILABLE,4.32,,,TRUE,,,,,,,,
39.02246784,-105.3856015,2/6/2025 7:00,100012,,NB_IOT,,GPS_POSITION,4578,,THREE_D_FIX_VALIDATED,NOT_AVAILABLE,4.24,,,TRUE,,,,,,,,
39.02391816,-105.538187,2/6/2025 7:00,100019,,NB_IOT,,GPS_POSITION,4595,,THREE_D_FIX_VALIDATED,NOT_AVAILABLE,4.32,,,TRUE,,,,,,,,
39.02246784,-105.3856015,2/6/2025 7:20,100012,,NB_IOT,,GPS_POSITION,4817,,THREE_D_FIX_VALIDATED,NOT_AVAILABLE,4.24,,,TRUE,,,,,,,,
39.01784998,-105.5050564,2/6/2025 7:20,100019,,NB_IOT,,GPS_POSITION,4652,,THREE_D_FIX_VALIDATED,NOT_AVAILABLE,4.32,,,TRUE,,,,,,,,
39.02303464,-105.3859019,2/6/2025 7:40,100012,,NB_IOT,,GPS_POSITION,4933,,THREE_D_FIX_VALIDATED,NOT_AVAILABLE,4.24,,,TRUE,,,,,,,,
39.06691394,-105.5253983,2/6/2025 7:40,100019,,NB_IOT,,GPS_POSITION,4860,,THREE_D_FIX_VALIDATED,NOT_AVAILABLE,4.32,,,TRUE,,,,,,,,
39.02320134,-105.387404,2/6/2025 8:00,100012,,NB_IOT,,GPS_POSITION,4678,,THREE_D_FIX_VALIDATED,NOT_AVAILABLE,4.24,,,TRUE,,,,,,,,
39.05165177,-105.5250549,2/6/2025 8:00,100019,,NB_IOT,,GPS_POSITION,4646,,THREE_D_FIX_VALIDATED,NOT_AVAILABLE,4.32,,,TRUE,,,,,,,,
39.02315133,-105.387404,2/6/2025 8:20,100012,,NB_IOT,,GPS_POSITION,4783,,THREE_D_FIX_VALIDATED,NOT_AVAILABLE,4.24,,,TRUE,,,,,,,,
39.04665252,-105.5212784,2/6/2025 8:20,100019,,NB_IOT,,GPS_POSITION,4981,,THREE_D_FIX_VALIDATED,NOT_AVAILABLE,4.32,,,TRUE,,,,,,,,
39.02270123,-105.3874469,2/6/2025 8:40,100012,,NB_IOT,,GPS_POSITION,4638,,THREE_D_FIX_VALIDATED,NOT_AVAILABLE,4.24,,,TRUE,,,,,,,,
39.04505269,-105.5206776,2/6/2025 8:40,100019,,NB_IOT,,GPS_POSITION,4726,,THREE_D_FIX_VALIDATED,NOT_AVAILABLE,4.32,,,TRUE,,,,,,,,
39.02236782,-105.3870392,2/6/2025 9:00,100012,,NB_IOT,,GPS_POSITION,4504,,THREE_D_FIX_VALIDATED,NOT_AVAILABLE,4.24,,,TRUE,,,,,,,,
39.04511935,-105.5205917,2/6/2025 9:00,100019,,NB_IOT,,GPS_POSITION,4875,,THREE_D_FIX_VALIDATED,NOT_AVAILABLE,4.32,,,TRUE,,,,,,,,
39.0222678,-105.3869104,2/6/2025 9:20,100012,,NB_IOT,,GPS_POSITION,4792,,THREE_D_FIX_VALIDATED,NOT_AVAILABLE,4.24,,,TRUE,,,,,,,,
39.04511935,-105.5205917,2/6/2025 9:20,100019,,NB_IOT,,GPS_POSITION,4536,,THREE_D_FIX_VALIDATED,NOT_AVAILABLE,4.32,,,TRUE,,,,,,,,
39.02196773,-105.3870392,2/6/2025 9:40,100012,,NB_IOT,,GPS_POSITION,4921,,THREE_D_FIX_VALIDATED,NOT_AVAILABLE,4.24,,,TRUE,,,,,,,,
39.04478605,-105.5205059,2/6/2025 9:40,100019,,NB_IOT,,GPS_POSITION,4684,,THREE_D_FIX_VALIDATED,NOT_AVAILABLE,4.32,,,TRUE,,,,,,,,
39.02190105,-105.3870606,2/6/2025 10:00,100012,,NB_IOT,,GPS_POSITION,4660,,THREE_D_FIX_VALIDATED,NOT_AVAILABLE,4.24,,,TRUE,,,,,,,,
39.04478605,-105.5203342,2/6/2025 10:00,100019,,NB_IOT,,GPS_POSITION,4946,,THREE_D_FIX_VALIDATED,NOT_AVAILABLE,4.32,,,TRUE,,,,,,,,
39.02161765,-105.3871465,2/6/2025 10:20,100012,,NB_IOT,,GPS_POSITION,4972,,THREE_D_FIX_VALIDATED,NOT_AVAILABLE,4.24,,,TRUE,,,,,,,,
39.04478605,-105.5203342,2/6/2025 10:20,100019,,NB_IOT,,GPS_POSITION,4830,,THREE_D_FIX_VALIDATED,NOT_AVAILABLE,4.32,,,TRUE,,,,,,,,
39.02160098,-105.3871465,2/6/2025 10:40,100012,,NB_IOT,,GPS_POSITION,4773,,THREE_D_FIX_VALIDATED,NOT_AVAILABLE,4.24,,,TRUE,,,,,,,,
39.04451941,-105.5199909,2/6/2025 10:40,100019,,NB_IOT,,GPS_POSITION,4629,,THREE_D_FIX_VALIDATED,NOT_AVAILABLE,4.32,,,TRUE,,,,,,,,
39.02150095,-105.3870606,2/6/2025 11:00,100012,,NB_IOT,,GPS_POSITION,4613,,THREE_D_FIX_VALIDATED,NOT_AVAILABLE,4.24,,,TRUE,,,,,,,,
39.0441861,-105.5193901,2/6/2025 11:00,100019,,NB_IOT,,GPS_POSITION,4861,,THREE_D_FIX_VALIDATED,NOT_AVAILABLE,4.32,,,TRUE,,,,,,,,
39.02131757,-105.386889,2/6/2025 11:20,100012,,NB_IOT,,GPS_POSITION,4859,,THREE_D_FIX_VALIDATED,NOT_AVAILABLE,4.24,,,TRUE,,,,,,,,
39.04485271,-105.518446,2/6/2025 11:20,100019,,NB_IOT,,GPS_POSITION,4958,,THREE_D_FIX_VALIDATED,NOT_AVAILABLE,4.32,,,TRUE,,,,,,,,
39.02128423,-105.3868675,2/6/2025 11:40,100012,,NB_IOT,,GPS_POSITION,4676,,THREE_D_FIX_VALIDATED,NOT_AVAILABLE,4.24,,,TRUE,,,,,,,,
39.04598593,-105.5183601,2/6/2025 11:40,100019,,NB_IOT,,GPS_POSITION,4826,,THREE_D_FIX_VALIDATED,NOT_AVAILABLE,4.32,,,TRUE,,,,,,,,
39.02110085,-105.3868675,2/6/2025 12:00,100012,,NB_IOT,,GPS_POSITION,4846,,THREE_D_FIX_VALIDATED,NOT_AVAILABLE,4.24,,,TRUE,,,,,,,,
39.04671918,-105.5191326,2/6/2025 12:00,100019,,NB_IOT,,GPS_POSITION,4606,,THREE_D_FIX_VALIDATED,NOT_AVAILABLE,4.32,,,TRUE,,,,,,,,
39.02080078,-105.3868246,2/6/2025 12:20,100012,,NB_IOT,,GPS_POSITION,4607,,THREE_D_FIX_VALIDATED,NOT_AVAILABLE,4.24,,,TRUE,,,,,,,,
39.06158256,-105.5083179,2/6/2025 12:20,100019,,NB_IOT,,GPS_POSITION,4959,,THREE_D_FIX_VALIDATED,NOT_AVAILABLE,4.32,,,TRUE,,,,,,,,
39.02075077,-105.3866529,2/6/2025 12:40,100012,,NB_IOT,,GPS_POSITION,4867,,THREE_D_FIX_VALIDATED,NOT_AVAILABLE,4.24,,,TRUE,,,,,,,,
39.06184913,-105.5080605,2/6/2025 12:40,100019,,NB_IOT,,GPS_POSITION,4519,,THREE_D_FIX_VALIDATED,NOT_AVAILABLE,4.32,,,TRUE,,,,,,,,
39.02080078,-105.386095,2/6/2025 13:00,100012,,NB_IOT,,GPS_POSITION,4711,,THREE_D_FIX_VALIDATED,NOT_AVAILABLE,4.24,,,TRUE,,,,,,,,
39.06291544,-105.507288,2/6/2025 13:00,100019,,NB_IOT,,GPS_POSITION,4761,,THREE_D_FIX_VALIDATED,NOT_AVAILABLE,4.32,,,TRUE,,,,,,,,
39.02081745,-105.3859663,2/6/2025 13:20,100012,,NB_IOT,,GPS_POSITION,4959,,THREE_D_FIX_VALIDATED,NOT_AVAILABLE,4.24,,,TRUE,,,,,,,,
39.06304873,-105.507288,2/6/2025 13:20,100019,,NB_IOT,,GPS_POSITION,4901,,THREE_D_FIX_VALIDATED,NOT_AVAILABLE,4.32,,,TRUE,,,,,,,,
39.02081745,-105.3857946,2/6/2025 13:40,100012,,NB_IOT,,GPS_POSITION,4735,,THREE_D_FIX_VALIDATED,NOT_AVAILABLE,4.24,,,TRUE,,,,,,,,
39.06318201,-105.5072021,2/6/2025 13:40,100019,,NB_IOT,,GPS_POSITION,4814,,THREE_D_FIX_VALIDATED,NOT_AVAILABLE,4.32,,,TRUE,,,,,,,,
39.02081745,-105.3857732,2/6/2025 14:00,100012,,NB_IOT,,GPS_POSITION,4935,,THREE_D_FIX_VALIDATED,NOT_AVAILABLE,4.24,,,TRUE,,,,,,,,
39.0633153,-105.5070305,2/6/2025 14:00,100019,,NB_IOT,,GPS_POSITION,4740,,THREE_D_FIX_VALIDATED,NOT_AVAILABLE,4.32,,,TRUE,,,,,,,,
39.02075077,-105.3855371,2/6/2025 14:20,100012,,NB_IOT,,GPS_POSITION,4697,,THREE_D_FIX_VALIDATED,NOT_AVAILABLE,4.24,,,TRUE,,,,,,,,
39.06358187,-105.5065155,2/6/2025 14:20,100019,,NB_IOT,,GPS_POSITION,4627,,THREE_D_FIX_VALIDATED,NOT_AVAILABLE,4.32,,,TRUE,,,,,,,,
39.02071743,-105.3854299,2/6/2025 14:40,100012,,NB_IOT,,GPS_POSITION,4702,,THREE_D_FIX_VALIDATED,NOT_AVAILABLE,4.24,,,TRUE,,,,,,,,
39.06371516,-105.5063438,2/6/2025 14:40,100019,,NB_IOT,,GPS_POSITION,4955,,THREE_D_FIX_VALIDATED,NOT_AVAILABLE,4.32,,,TRUE,,,,,,,,
39.02068408,-105.3853655,2/6/2025 15:00,100012,,NB_IOT,,GPS_POSITION,4615,,THREE_D_FIX_VALIDATED,NOT_AVAILABLE,4.24,,,TRUE,,,,,,,,
39.0637818,-105.5059147,2/6/2025 15:00,100019,,NB_IOT,,GPS_POSITION,4852,,THREE_D_FIX_VALIDATED,NOT_AVAILABLE,4.32,,,TRUE,,,,,,,,
39.02068408,-105.3853226,2/6/2025 15:20,100012,,NB_IOT,,GPS_POSITION,4655,,THREE_D_FIX_VALIDATED,NOT_AVAILABLE,4.24,,,TRUE,,,,,,,,
38.99937551,-105.4623985,2/6/2025 15:20,100019,,NB_IOT,,GPS_POSITION,4710,,THREE_D_FIX_VALIDATED,NOT_AVAILABLE,4.32,,,TRUE,,,,,,,,
39.02066741,-105.3852582,2/6/2025 15:40,100012,,NB_IOT,,GPS_POSITION,4652,,THREE_D_FIX_VALIDATED,NOT_AVAILABLE,4.24,,,TRUE,,,,,,,,
39.00171009,-105.4543304,2/6/2025 15:40,100019,,NB_IOT,,GPS_POSITION,4642,,THREE_D_FIX_VALIDATED,NOT_AVAILABLE,4.32,,,TRUE,,,,,,,,
39.02066741,-105.3852367,2/6/2025 16:00,100012,,NB_IOT,,GPS_POSITION,4937,,THREE_D_FIX_VALIDATED,NOT_AVAILABLE,4.24,,,TRUE,,,,,,,,
39.0037778,-105.4594803,2/6/2025 16:00,100019,,NB_IOT,,GPS_POSITION,4617,,THREE_D_FIX_VALIDATED,NOT_AVAILABLE,4.32,,,TRUE,,,,,,,,
39.02065074,-105.385108,2/6/2025 16:20,100012,,NB_IOT,,GPS_POSITION,4540,,THREE_D_FIX_VALIDATED,NOT_AVAILABLE,4.24,,,TRUE,,,,,,,,
39.0037778,-105.4594803,2/6/2025 16:20,100019,,NB_IOT,,GPS_POSITION,4951,,THREE_D_FIX_VALIDATED,NOT_AVAILABLE,4.32,,,TRUE,,,,,,,,
39.02065074,-105.3849578,2/6/2025 16:40,100012,,NB_IOT,,GPS_POSITION,4655,,THREE_D_FIX_VALIDATED,NOT_AVAILABLE,4.24,,,TRUE,,,,,,,,
39.004178,-105.4582787,2/6/2025 16:40,100019,,NB_IOT,,GPS_POSITION,4915,,THREE_D_FIX_VALIDATED,NOT_AVAILABLE,4.32,,,TRUE,,,,,,,,
39.02066741,-105.3849149,2/6/2025 17:00,100012,,NB_IOT,,GPS_POSITION,4616,,THREE_D_FIX_VALIDATED,NOT_AVAILABLE,4.24,,,TRUE,,,,,,,,
39.00584546,-105.4555321,2/6/2025 17:00,100019,,NB_IOT,,GPS_POSITION,4595,,THREE_D_FIX_VALIDATED,NOT_AVAILABLE,4.32,,,TRUE,,,,,,,,
39.02068408,-105.3848505,2/6/2025 17:20,100012,,NB_IOT,,GPS_POSITION,4764,,THREE_D_FIX_VALIDATED,NOT_AVAILABLE,4.24,,,TRUE,,,,,,,,
39.00817983,-105.4547596,2/6/2025 17:20,100019,,NB_IOT,,GPS_POSITION,4695,,THREE_D_FIX_VALIDATED,NOT_AVAILABLE,4.32,,,TRUE,,,,,,,,
39.02070076,-105.3847432,2/6/2025 17:40,100012,,NB_IOT,,GPS_POSITION,4987,,THREE_D_FIX_VALIDATED,NOT_AVAILABLE,4.24,,,TRUE,,,,,,,,
39.00891347,-105.4559612,2/6/2025 17:40,100019,,NB_IOT,,GPS_POSITION,4931,,THREE_D_FIX_VALIDATED,NOT_AVAILABLE,4.32,,,TRUE,,,,,,,,
39.02318467,-105.3904939,2/6/2025 18:00,100012,,NB_IOT,,GPS_POSITION,4970,,THREE_D_FIX_VALIDATED,NOT_AVAILABLE,4.24,,,TRUE,,,,,,,,
39.00891347,-105.4559612,2/6/2025 18:00,100019,,NB_IOT,,GPS_POSITION,4695,,THREE_D_FIX_VALIDATED,NOT_AVAILABLE,4.32,,,TRUE,,,,,,,,
39.0233347,-105.3943777,2/6/2025 18:20,100012,,NB_IOT,,GPS_POSITION,4785,,THREE_D_FIX_VALIDATED,NOT_AVAILABLE,4.24,,,TRUE,,,,,,,,
39.00884678,-105.4574203,2/6/2025 18:20,100019,,NB_IOT,,GPS_POSITION,4530,,THREE_D_FIX_VALIDATED,NOT_AVAILABLE,4.32,,,TRUE,,,,,,,,
39.02625193,-105.3987336,2/6/2025 18:40,100012,,NB_IOT,,GPS_POSITION,4982,,THREE_D_FIX_VALIDATED,NOT_AVAILABLE,4.24,,,TRUE,,,,,,,,
39.00884678,-105.4574203,2/6/2025 18:40,100019,,NB_IOT,,GPS_POSITION,4559,,THREE_D_FIX_VALIDATED,NOT_AVAILABLE,4.32,,,TRUE,,,,,,,,
39.01745063,-105.406772,2/6/2025 19:00,100012,,NB_IOT,,GPS_POSITION,4799,,THREE_D_FIX_VALIDATED,NOT_AVAILABLE,4.24,,,TRUE,,,,,,,,
39.00884678,-105.4574203,2/6/2025 19:00,100019,,NB_IOT,,GPS_POSITION,4716,,THREE_D_FIX_VALIDATED,NOT_AVAILABLE,4.32,,,TRUE,,,,,,,,
39.01738757,-105.4206617,2/6/2025 19:20,100012,,NB_IOT,,GPS_POSITION,4749,,THREE_D_FIX_VALIDATED,NOT_AVAILABLE,4.24,,,TRUE,,,,,,,,
39.00884678,-105.4574203,2/6/2025 19:20,100019,,NB_IOT,,GPS_POSITION,4512,,THREE_D_FIX_VALIDATED,NOT_AVAILABLE,4.32,,,TRUE,,,,,,,,
39.01525856,-105.4342783,2/6/2025 19:40,100012,,NB_IOT,,GPS_POSITION,4567,,THREE_D_FIX_VALIDATED,NOT_AVAILABLE,4.24,,,TRUE,,,,,,,,
39.01184797,-105.4944992,2/6/2025 19:40,100019,,NB_IOT,,GPS_POSITION,4729,,THREE_D_FIX_VALIDATED,NOT_AVAILABLE,4.32,,,TRUE,,,,,,,,
39.01629884,-105.4481033,2/6/2025 20:00,100012,,NB_IOT,,GPS_POSITION,4575,,THREE_D_FIX_VALIDATED,NOT_AVAILABLE,4.24,,,TRUE,,,,,,,,
39.01911701,-105.5409336,2/6/2025 20:00,100019,,NB_IOT,,GPS_POSITION,4500,,THREE_D_FIX_VALIDATED,NOT_AVAILABLE,4.32,,,TRUE,,,,,,,,
39.02222395,-105.4597129,2/6/2025 20:20,100012,,NB_IOT,,GPS_POSITION,4525,,THREE_D_FIX_VALIDATED,NOT_AVAILABLE,4.24,,,TRUE,,,,,,,,
39.06444823,-105.5455685,2/6/2025 20:20,100019,,NB_IOT,,GPS_POSITION,4561,,THREE_D_FIX_VALIDATED,NOT_AVAILABLE,4.32,,,TRUE,,,,,,,,
39.02310132,-105.4569912,2/6/2025 20:40,100012,,NB_IOT,,GPS_POSITION,4799,,THREE_D_FIX_VALIDATED,NOT_AVAILABLE,4.24,,,TRUE,,,,,,,,
39.04471939,-105.5223083,2/6/2025 20:40,100019,,NB_IOT,,GPS_POSITION,4553,,THREE_D_FIX_VALIDATED,NOT_AVAILABLE,4.32,,,TRUE,,,,,,,,
39.02331803,-105.4564762,2/6/2025 21:00,100012,,NB_IOT,,GPS_POSITION,4859,,THREE_D_FIX_VALIDATED,NOT_AVAILABLE,4.24,,,TRUE,,,,,,,,
39.04471939,-105.5223083,2/6/2025 21:00,100019,,NB_IOT,,GPS_POSITION,4993,,THREE_D_FIX_VALIDATED,NOT_AVAILABLE,4.32,,,TRUE,,,,,,,,
39.02353475,-105.4562187,2/6/2025 21:20,100012,,NB_IOT,,GPS_POSITION,4745,,THREE_D_FIX_VALIDATED,NOT_AVAILABLE,4.24,,,TRUE,,,,,,,,
39.04471939,-105.5223083,2/6/2025 21:20,100019,,NB_IOT,,GPS_POSITION,4759,,THREE_D_FIX_VALIDATED,NOT_AVAILABLE,4.32,,,TRUE,,,,,,,,
39.0236181,-105.4561758,2/6/2025 21:40,100012,,NB_IOT,,GPS_POSITION,4798,,THREE_D_FIX_VALIDATED,NOT_AVAILABLE,4.24,,,TRUE,,,,,,,,
39.04471939,-105.5223083,2/6/2025 21:40,100019,,NB_IOT,,GPS_POSITION,4660,,THREE_D_FIX_VALIDATED,NOT_AVAILABLE,4.32,,,TRUE,,,,,,,,
39.02375146,-105.4559183,2/6/2025 22:00,100012,,NB_IOT,,GPS_POSITION,4770,,THREE_D_FIX_VALIDATED,NOT_AVAILABLE,4.24,,,TRUE,,,,,,,,
39.04471939,-105.5223083,2/6/2025 22:00,100019,,NB_IOT,,GPS_POSITION,4878,,THREE_D_FIX_VALIDATED,NOT_AVAILABLE,4.32,,,TRUE,,,,,,,,
39.02385148,-105.4557252,2/6/2025 22:20,100012,,NB_IOT,,GPS_POSITION,4840,,THREE_D_FIX_VALIDATED,NOT_AVAILABLE,4.24,,,TRUE,,,,,,,,
39.04471939,-105.5223083,2/6/2025 22:20,100019,,NB_IOT,,GPS_POSITION,4700,,THREE_D_FIX_VALIDATED,NOT_AVAILABLE,4.32,,,TRUE,,,,,,,,
39.02393483,-105.455575,2/6/2025 22:40,100012,,NB_IOT,,GPS_POSITION,4574,,THREE_D_FIX_VALIDATED,NOT_AVAILABLE,4.24,,,TRUE,,,,,,,,
39.04471939,-105.5223083,2/6/2025 22:40,100019,,NB_IOT,,GPS_POSITION,4556,,THREE_D_FIX_VALIDATED,NOT_AVAILABLE,4.32,,,TRUE,,,,,,,,
